,weather,scenario,status
0,clear,ghost_cutin,Completed
1,cloudy,ghost_cutin,Completed
2,rain,ghost_cutin,Completed
3,snow,ghost_cutin,Completed
4,clear,ghost_cutin,Completed
5,cloudy,ghost_cutin,Completed
6,rain,ghost_cutin,Completed
7,snow,ghost_cutin,Completed
8,clear,ghost_cutin,Completed
9,cloudy,ghost_cutin,Completed
10,rain,ghost_cutin,Completed
11,snow,ghost_cutin,Completed
12,clear,ghost_cutin,Completed
13,cloudy,ghost_cutin,Completed
14,rain,ghost_cutin,Completed
15,snow,ghost_cutin,Completed
16,clear,ghost_cutin,Completed
17,cloudy,ghost_cutin,Completed
18,rain,ghost_cutin,Completed
19,snow,ghost_cutin,Failed -- Simulator crashed
20,clear,ghost_cutin,Completed
21,cloudy,ghost_cutin,Completed
22,rain,ghost_cutin,Completed
23,snow,ghost_cutin,Completed
24,clear,ghost_cutin,Completed
25,cloudy,ghost_cutin,Completed
26,rain,ghost_cutin,Completed
27,snow,ghost_cutin,Completed
28,clear,ghost_cutin,Completed
29,cloudy,ghost_cutin,Completed
30,rain,ghost_cutin,Completed
31,snow,ghost_cutin,Failed -- Accident
32,clear,ghost_cutin,Completed
33,cloudy,ghost_cutin,Completed
34,rain,ghost_cutin,Completed
35,snow,ghost_cutin,Completed
36,clear,ghost_cutin,Completed
37,cloudy,ghost_cutin,Completed
38,rain,ghost_cutin,Completed
39,snow,ghost_cutin,Completed
40,clear,ghost_cutin,Completed
41,cloudy,ghost_cutin,Completed
42,rain,ghost_cutin,Completed
43,snow,ghost_cutin,Completed
44,clear,ghost_cutin,Completed
45,cloudy,ghost_cutin,Completed
46,rain,ghost_cutin,Completed
47,snow,ghost_cutin,Completed
48,clear,ghost_cutin,Completed
49,cloudy,ghost_cutin,Completed
50,rain,ghost_cutin,Completed
51,snow,ghost_cutin,Completed
52,clear,ghost_cutin,Completed
53,cloudy,ghost_cutin,Completed
54,rain,ghost_cutin,Completed
55,snow,ghost_cutin,Completed
56,clear,ghost_cutin,Completed
57,cloudy,ghost_cutin,Failed -- Accident
58,rain,ghost_cutin,Completed
59,snow,ghost_cutin,Completed
60,clear,ghost_cutin,Completed
61,cloudy,ghost_cutin,Completed
62,rain,ghost_cutin,Completed
63,snow,ghost_cutin,Completed
64,clear,ghost_cutin,Completed
65,cloudy,ghost_cutin,Completed
66,rain,ghost_cutin,Completed
67,snow,ghost_cutin,Completed
68,clear,ghost_cutin,Completed
69,cloudy,ghost_cutin,Completed
70,rain,ghost_cutin,Completed
71,snow,ghost_cutin,Completed
72,clear,ghost_cutin,Completed
73,cloudy,ghost_cutin,Completed
74,rain,ghost_cutin,Completed
75,snow,ghost_cutin,Completed
76,clear,ghost_cutin,Completed
77,cloudy,ghost_cutin,Completed
78,rain,ghost_cutin,Completed
79,snow,ghost_cutin,Failed -- Accident
80,clear,ghost_cutin,Completed
81,cloudy,ghost_cutin,Completed
82,rain,ghost_cutin,Completed
83,snow,ghost_cutin,Completed
84,clear,ghost_cutin,Completed
85,cloudy,ghost_cutin,Completed
86,rain,ghost_cutin,Completed
87,snow,ghost_cutin,Completed
88,clear,ghost_cutin,Completed
89,cloudy,ghost_cutin,Completed
90,rain,ghost_cutin,Completed
91,snow,ghost_cutin,Completed
92,clear,ghost_cutin,Completed
93,cloudy,ghost_cutin,Completed
94,rain,ghost_cutin,Completed
95,snow,ghost_cutin,Completed
96,clear,ghost_cutin,Failed -- Simulator crashed
97,cloudy,ghost_cutin,Completed
98,rain,ghost_cutin,Completed
99,snow,ghost_cutin,Failed -- Accident
100,clear,ghost_cutin,Completed
101,cloudy,ghost_cutin,Completed
102,rain,ghost_cutin,Completed
103,snow,ghost_cutin,Completed
104,clear,ghost_cutin,Completed
105,cloudy,ghost_cutin,Completed
106,rain,ghost_cutin,Failed -- Accident
107,snow,ghost_cutin,Failed -- Accident
108,clear,ghost_cutin,Completed
109,cloudy,ghost_cutin,Completed
110,rain,ghost_cutin,Completed
111,snow,ghost_cutin,Failed -- Accident
112,clear,ghost_cutin,Completed
113,cloudy,ghost_cutin,Completed
114,rain,ghost_cutin,Completed
115,snow,ghost_cutin,Failed -- Accident
116,clear,ghost_cutin,Completed
117,cloudy,ghost_cutin,Completed
118,rain,ghost_cutin,Completed
119,snow,ghost_cutin,Completed
120,clear,ghost_cutin,Completed
121,cloudy,ghost_cutin,Completed
122,rain,ghost_cutin,Completed
123,snow,ghost_cutin,Failed -- Accident
124,clear,ghost_cutin,Completed
125,cloudy,ghost_cutin,Completed
126,rain,ghost_cutin,Completed
127,snow,ghost_cutin,Completed
128,clear,ghost_cutin,Completed
129,cloudy,ghost_cutin,Completed
130,rain,ghost_cutin,Completed
131,snow,ghost_cutin,Completed
132,clear,ghost_cutin,Completed
133,cloudy,ghost_cutin,Completed
134,rain,ghost_cutin,Completed
135,snow,ghost_cutin,Completed
136,clear,ghost_cutin,Completed
137,cloudy,ghost_cutin,Failed -- Accident
138,rain,ghost_cutin,Failed -- Accident
139,snow,ghost_cutin,Completed
140,clear,ghost_cutin,Completed
141,cloudy,ghost_cutin,Completed
142,rain,ghost_cutin,Completed
143,snow,ghost_cutin,Completed
144,clear,ghost_cutin,Completed
145,cloudy,ghost_cutin,Completed
146,rain,ghost_cutin,Failed -- Accident
147,snow,ghost_cutin,Completed
148,clear,ghost_cutin,Completed
149,cloudy,ghost_cutin,Completed
150,rain,ghost_cutin,Completed
151,snow,ghost_cutin,Completed
152,clear,ghost_cutin,Completed
153,cloudy,ghost_cutin,Completed
154,rain,ghost_cutin,Completed
155,snow,ghost_cutin,Completed
156,clear,ghost_cutin,Completed
157,cloudy,ghost_cutin,Completed
158,rain,ghost_cutin,Completed
159,snow,ghost_cutin,Failed -- Accident
160,clear,ghost_cutin,Completed
161,cloudy,ghost_cutin,Completed
162,rain,ghost_cutin,Completed
163,snow,ghost_cutin,Completed
164,clear,ghost_cutin,Completed
165,cloudy,ghost_cutin,Completed
166,rain,ghost_cutin,Completed
167,snow,ghost_cutin,Completed
168,clear,ghost_cutin,Completed
169,cloudy,ghost_cutin,Completed
170,rain,ghost_cutin,Completed
171,snow,ghost_cutin,Completed
172,clear,ghost_cutin,Completed
173,cloudy,ghost_cutin,Completed
174,rain,ghost_cutin,Completed
175,snow,ghost_cutin,Completed
176,clear,ghost_cutin,Completed
177,cloudy,ghost_cutin,Completed
178,rain,ghost_cutin,Failed -- Accident
179,snow,ghost_cutin,Completed
180,clear,ghost_cutin,Completed
181,cloudy,ghost_cutin,Completed
182,rain,ghost_cutin,Completed
183,snow,ghost_cutin,Completed
184,clear,ghost_cutin,Completed
185,cloudy,ghost_cutin,Completed
186,rain,ghost_cutin,Failed -- Accident
187,snow,ghost_cutin,Completed
188,clear,ghost_cutin,Completed
189,cloudy,ghost_cutin,Completed
190,rain,ghost_cutin,Completed
191,snow,ghost_cutin,Completed
192,clear,ghost_cutin,Completed
193,cloudy,ghost_cutin,Completed
194,rain,ghost_cutin,Failed -- Accident
195,snow,ghost_cutin,Completed
196,clear,ghost_cutin,Completed
197,cloudy,ghost_cutin,Completed
198,rain,ghost_cutin,Completed
199,snow,ghost_cutin,Completed
200,clear,ghost_cutin,Completed
201,cloudy,ghost_cutin,Completed
202,rain,ghost_cutin,Failed -- Accident
203,snow,ghost_cutin,Completed
204,clear,ghost_cutin,Completed
205,cloudy,ghost_cutin,Completed
206,rain,ghost_cutin,Completed
207,snow,ghost_cutin,Completed
208,clear,ghost_cutin,Completed
209,cloudy,ghost_cutin,Completed
210,rain,ghost_cutin,Completed
211,snow,ghost_cutin,Completed
212,clear,ghost_cutin,Completed
213,cloudy,ghost_cutin,Completed
214,rain,ghost_cutin,Completed
215,snow,ghost_cutin,Failed -- Accident
216,clear,ghost_cutin,Completed
217,cloudy,ghost_cutin,Completed
218,rain,ghost_cutin,Failed -- Accident
219,snow,ghost_cutin,Failed -- Accident
220,clear,ghost_cutin,Completed
221,cloudy,ghost_cutin,Completed
222,rain,ghost_cutin,Completed
223,snow,ghost_cutin,Completed
224,clear,ghost_cutin,Completed
225,cloudy,ghost_cutin,Failed -- Simulator crashed
226,rain,ghost_cutin,Completed
227,snow,ghost_cutin,Completed
228,clear,ghost_cutin,Completed
229,cloudy,ghost_cutin,Completed
230,rain,ghost_cutin,Completed
231,snow,ghost_cutin,Completed
232,clear,ghost_cutin,Completed
233,cloudy,ghost_cutin,Completed
234,rain,ghost_cutin,Completed
235,snow,ghost_cutin,Completed
236,clear,ghost_cutin,Completed
237,cloudy,ghost_cutin,Completed
238,rain,ghost_cutin,Completed
239,snow,ghost_cutin,Completed
240,clear,ghost_cutin,Completed
241,cloudy,ghost_cutin,Completed
242,rain,ghost_cutin,Completed
243,snow,ghost_cutin,Completed
244,clear,ghost_cutin,Completed
245,cloudy,ghost_cutin,Completed
246,rain,ghost_cutin,Completed
247,snow,ghost_cutin,Completed
248,clear,ghost_cutin,Completed
249,cloudy,ghost_cutin,Completed
250,rain,ghost_cutin,Completed
251,snow,ghost_cutin,Completed
252,clear,ghost_cutin,Completed
253,cloudy,ghost_cutin,Failed -- Simulator crashed
254,rain,ghost_cutin,Completed
255,snow,ghost_cutin,Completed
256,clear,ghost_cutin,Completed
257,cloudy,ghost_cutin,Completed
258,rain,ghost_cutin,Completed
259,snow,ghost_cutin,Completed
260,clear,ghost_cutin,Completed
261,cloudy,ghost_cutin,Failed -- Accident
262,rain,ghost_cutin,Completed
263,snow,ghost_cutin,Completed
264,clear,ghost_cutin,Completed
265,cloudy,ghost_cutin,Completed
266,rain,ghost_cutin,Completed
267,snow,ghost_cutin,Completed
268,clear,ghost_cutin,Completed
269,cloudy,ghost_cutin,Completed
270,rain,ghost_cutin,Completed
271,snow,ghost_cutin,Completed
272,clear,ghost_cutin,Completed
273,cloudy,ghost_cutin,Completed
274,rain,ghost_cutin,Completed
275,snow,ghost_cutin,Completed
276,clear,ghost_cutin,Completed
277,cloudy,ghost_cutin,Completed
278,rain,ghost_cutin,Completed
279,snow,ghost_cutin,Failed -- Accident
280,clear,ghost_cutin,Completed
281,cloudy,ghost_cutin,Completed
282,rain,ghost_cutin,Completed
283,snow,ghost_cutin,Completed
284,clear,ghost_cutin,Completed
285,cloudy,ghost_cutin,Completed
286,rain,ghost_cutin,Completed
287,snow,ghost_cutin,Failed -- Accident
288,clear,ghost_cutin,Completed
289,cloudy,ghost_cutin,Completed
290,rain,ghost_cutin,Completed
291,snow,ghost_cutin,Completed
292,clear,ghost_cutin,Completed
293,cloudy,ghost_cutin,Completed
294,rain,ghost_cutin,Completed
295,snow,ghost_cutin,Completed
296,clear,ghost_cutin,Completed
297,cloudy,ghost_cutin,Completed
298,rain,ghost_cutin,Completed
299,snow,ghost_cutin,Completed
300,clear,ghost_cutin,Completed
301,cloudy,ghost_cutin,Completed
302,rain,ghost_cutin,Completed
303,snow,ghost_cutin,Completed
304,clear,ghost_cutin,Completed
305,cloudy,ghost_cutin,Failed -- Accident
306,rain,ghost_cutin,Completed
307,snow,ghost_cutin,Completed
308,clear,ghost_cutin,Completed
309,cloudy,ghost_cutin,Completed
310,rain,ghost_cutin,Completed
311,snow,ghost_cutin,Completed
312,clear,ghost_cutin,Completed
313,cloudy,ghost_cutin,Completed
314,rain,ghost_cutin,Completed
315,snow,ghost_cutin,Completed
316,clear,ghost_cutin,Completed
317,cloudy,ghost_cutin,Completed
318,rain,ghost_cutin,Completed
319,snow,ghost_cutin,Completed
320,clear,ghost_cutin,Completed
321,cloudy,ghost_cutin,Completed
322,rain,ghost_cutin,Failed -- Simulator crashed
323,snow,ghost_cutin,Failed -- Accident
324,clear,ghost_cutin,Completed
325,cloudy,ghost_cutin,Completed
326,rain,ghost_cutin,Completed
327,snow,ghost_cutin,Completed
328,clear,ghost_cutin,Completed
329,cloudy,ghost_cutin,Completed
330,rain,ghost_cutin,Completed
331,snow,ghost_cutin,Completed
332,clear,ghost_cutin,Completed
333,cloudy,ghost_cutin,Completed
334,rain,ghost_cutin,Failed -- Accident
335,snow,ghost_cutin,Completed
336,clear,ghost_cutin,Completed
337,cloudy,ghost_cutin,Completed
338,rain,ghost_cutin,Completed
339,snow,ghost_cutin,Completed
340,clear,ghost_cutin,Completed
341,cloudy,ghost_cutin,Completed
342,rain,ghost_cutin,Completed
343,snow,ghost_cutin,Failed -- Accident
344,clear,ghost_cutin,Completed
345,cloudy,ghost_cutin,Completed
346,rain,ghost_cutin,Failed -- Accident
347,snow,ghost_cutin,Completed
348,clear,ghost_cutin,Completed
349,cloudy,ghost_cutin,Completed
350,rain,ghost_cutin,Completed
351,snow,ghost_cutin,Completed
352,clear,ghost_cutin,Completed
353,cloudy,ghost_cutin,Completed
354,rain,ghost_cutin,Failed -- Accident
355,snow,ghost_cutin,Completed
356,clear,ghost_cutin,Completed
357,cloudy,ghost_cutin,Completed
358,rain,ghost_cutin,Failed -- Accident
359,snow,ghost_cutin,Completed
360,clear,ghost_cutin,Completed
361,cloudy,ghost_cutin,Completed
362,rain,ghost_cutin,Completed
363,snow,ghost_cutin,Completed
364,clear,ghost_cutin,Completed
365,cloudy,ghost_cutin,Failed -- Accident
366,rain,ghost_cutin,Completed
367,snow,ghost_cutin,Completed
368,clear,ghost_cutin,Completed
369,cloudy,ghost_cutin,Completed
370,rain,ghost_cutin,Completed
371,snow,ghost_cutin,Completed
372,clear,ghost_cutin,Completed
373,cloudy,ghost_cutin,Completed
374,rain,ghost_cutin,Failed -- Accident
375,snow,ghost_cutin,Completed
376,clear,ghost_cutin,Completed
377,cloudy,ghost_cutin,Completed
378,rain,ghost_cutin,Completed
379,snow,ghost_cutin,Completed
380,clear,ghost_cutin,Completed
381,cloudy,ghost_cutin,Completed
382,rain,ghost_cutin,Completed
383,snow,ghost_cutin,Completed
384,clear,ghost_cutin,Completed
385,cloudy,ghost_cutin,Completed
386,rain,ghost_cutin,Completed
387,snow,ghost_cutin,Completed
388,clear,ghost_cutin,Failed -- Accident
389,cloudy,ghost_cutin,Completed
390,rain,ghost_cutin,Completed
391,snow,ghost_cutin,Completed
392,clear,ghost_cutin,Completed
393,cloudy,ghost_cutin,Completed
394,rain,ghost_cutin,Completed
395,snow,ghost_cutin,Failed -- Accident
396,clear,ghost_cutin,Completed
397,cloudy,ghost_cutin,Completed
398,rain,ghost_cutin,Failed -- Accident
399,snow,ghost_cutin,Completed
400,clear,ghost_cutin,Completed
401,cloudy,ghost_cutin,Completed
402,rain,ghost_cutin,Completed
403,snow,ghost_cutin,Completed
404,clear,ghost_cutin,Completed
405,cloudy,ghost_cutin,Completed
406,rain,ghost_cutin,Failed -- Accident
407,snow,ghost_cutin,Failed -- Accident
408,clear,ghost_cutin,Completed
409,cloudy,ghost_cutin,Completed
410,rain,ghost_cutin,Completed
411,snow,ghost_cutin,Failed -- Accident
412,clear,ghost_cutin,Completed
413,cloudy,ghost_cutin,Completed
414,rain,ghost_cutin,Completed
415,snow,ghost_cutin,Failed -- Accident
416,clear,ghost_cutin,Completed
417,cloudy,ghost_cutin,Completed
418,rain,ghost_cutin,Completed
419,snow,ghost_cutin,Completed
420,clear,ghost_cutin,Completed
421,cloudy,ghost_cutin,Completed
422,rain,ghost_cutin,Completed
423,snow,ghost_cutin,Completed
424,clear,ghost_cutin,Completed
425,cloudy,ghost_cutin,Completed
426,rain,ghost_cutin,Failed -- Accident
427,snow,ghost_cutin,Completed
428,clear,ghost_cutin,Completed
429,cloudy,ghost_cutin,Completed
430,rain,ghost_cutin,Completed
431,snow,ghost_cutin,Completed
432,clear,ghost_cutin,Completed
433,cloudy,ghost_cutin,Completed
434,rain,ghost_cutin,Completed
435,snow,ghost_cutin,Completed
436,clear,ghost_cutin,Completed
437,cloudy,ghost_cutin,Completed
438,rain,ghost_cutin,Completed
439,snow,ghost_cutin,Completed
440,clear,ghost_cutin,Completed
441,cloudy,ghost_cutin,Completed
442,rain,ghost_cutin,Failed -- Accident
443,snow,ghost_cutin,Completed
444,clear,ghost_cutin,Completed
445,cloudy,ghost_cutin,Completed
446,rain,ghost_cutin,Completed
447,snow,ghost_cutin,Completed
448,clear,ghost_cutin,Completed
449,cloudy,ghost_cutin,Completed
450,rain,ghost_cutin,Completed
451,snow,ghost_cutin,Completed
452,clear,ghost_cutin,Completed
453,cloudy,ghost_cutin,Completed
454,rain,ghost_cutin,Failed -- Accident
455,snow,ghost_cutin,Completed
456,clear,ghost_cutin,Completed
457,cloudy,ghost_cutin,Completed
458,rain,ghost_cutin,Completed
459,snow,ghost_cutin,Completed
460,clear,ghost_cutin,Completed
461,cloudy,ghost_cutin,Completed
462,rain,ghost_cutin,Completed
463,snow,ghost_cutin,Completed
464,clear,ghost_cutin,Completed
465,cloudy,ghost_cutin,Completed
466,rain,ghost_cutin,Completed
467,snow,ghost_cutin,Completed
468,clear,ghost_cutin,Completed
469,cloudy,ghost_cutin,Completed
470,rain,ghost_cutin,Completed
471,snow,ghost_cutin,Completed
472,clear,ghost_cutin,Completed
473,cloudy,ghost_cutin,Completed
474,rain,ghost_cutin,Completed
475,snow,ghost_cutin,Failed -- Accident
476,clear,ghost_cutin,Completed
477,cloudy,ghost_cutin,Completed
478,rain,ghost_cutin,Completed
479,snow,ghost_cutin,Completed
480,clear,ghost_cutin,Completed
481,cloudy,ghost_cutin,Completed
482,rain,ghost_cutin,Completed
483,snow,ghost_cutin,Completed
484,clear,ghost_cutin,Completed
485,cloudy,ghost_cutin,Completed
486,rain,ghost_cutin,Failed -- Accident
487,snow,ghost_cutin,Completed
488,clear,ghost_cutin,Completed
489,cloudy,ghost_cutin,Completed
490,rain,ghost_cutin,Completed
491,snow,ghost_cutin,Completed
492,clear,ghost_cutin,Completed
493,cloudy,ghost_cutin,Completed
494,rain,ghost_cutin,Completed
495,snow,ghost_cutin,Completed
496,clear,ghost_cutin,Completed
497,cloudy,ghost_cutin,Completed
498,rain,ghost_cutin,Completed
499,snow,ghost_cutin,Completed
500,clear,ghost_cutin,Completed
501,cloudy,ghost_cutin,Completed
502,rain,ghost_cutin,Completed
503,snow,ghost_cutin,Completed
504,clear,ghost_cutin,Completed
505,cloudy,ghost_cutin,Completed
506,rain,ghost_cutin,Completed
507,snow,ghost_cutin,Failed -- Accident
508,clear,ghost_cutin,Completed
509,cloudy,ghost_cutin,Completed
510,rain,ghost_cutin,Completed
511,snow,ghost_cutin,Completed
512,clear,ghost_cutin,Completed
513,cloudy,ghost_cutin,Completed
514,rain,ghost_cutin,Completed
515,snow,ghost_cutin,Completed
516,clear,ghost_cutin,Completed
517,cloudy,ghost_cutin,Failed -- Simulator crashed
518,rain,ghost_cutin,Failed -- Accident
519,snow,ghost_cutin,Failed -- Accident
520,clear,ghost_cutin,Completed
521,cloudy,ghost_cutin,Completed
522,rain,ghost_cutin,Completed
523,snow,ghost_cutin,Completed
524,clear,ghost_cutin,Failed -- Simulator crashed
525,cloudy,ghost_cutin,Completed
526,rain,ghost_cutin,Completed
527,snow,ghost_cutin,Completed
528,clear,ghost_cutin,Completed
529,cloudy,ghost_cutin,Completed
530,rain,ghost_cutin,Failed -- Accident
531,snow,ghost_cutin,Failed -- Accident
532,clear,ghost_cutin,Completed
533,cloudy,ghost_cutin,Completed
534,rain,ghost_cutin,Completed
535,snow,ghost_cutin,Completed
536,clear,ghost_cutin,Completed
537,cloudy,ghost_cutin,Completed
538,rain,ghost_cutin,Completed
539,snow,ghost_cutin,Completed
540,clear,ghost_cutin,Completed
541,cloudy,ghost_cutin,Completed
542,rain,ghost_cutin,Failed -- Accident
543,snow,ghost_cutin,Failed -- Accident
544,clear,ghost_cutin,Completed
545,cloudy,ghost_cutin,Completed
546,rain,ghost_cutin,Failed -- Accident
547,snow,ghost_cutin,Completed
548,clear,ghost_cutin,Completed
549,cloudy,ghost_cutin,Completed
550,rain,ghost_cutin,Completed
551,snow,ghost_cutin,Completed
552,clear,ghost_cutin,Completed
553,cloudy,ghost_cutin,Completed
554,rain,ghost_cutin,Completed
555,snow,ghost_cutin,Completed
556,clear,ghost_cutin,Completed
557,cloudy,ghost_cutin,Completed
558,rain,ghost_cutin,Completed
559,snow,ghost_cutin,Completed
560,clear,ghost_cutin,Completed
561,cloudy,ghost_cutin,Completed
562,rain,ghost_cutin,Completed
563,snow,ghost_cutin,Completed
564,clear,ghost_cutin,Completed
565,cloudy,ghost_cutin,Completed
566,rain,ghost_cutin,Completed
567,snow,ghost_cutin,Failed -- Accident
568,clear,ghost_cutin,Completed
569,cloudy,ghost_cutin,Completed
570,rain,ghost_cutin,Completed
571,snow,ghost_cutin,Completed
572,clear,ghost_cutin,Completed
573,cloudy,ghost_cutin,Completed
574,rain,ghost_cutin,Failed -- Accident
575,snow,ghost_cutin,Completed
576,clear,ghost_cutin,Completed
577,cloudy,ghost_cutin,Completed
578,rain,ghost_cutin,Completed
579,snow,ghost_cutin,Completed
580,clear,ghost_cutin,Completed
581,cloudy,ghost_cutin,Completed
582,rain,ghost_cutin,Failed -- Accident
583,snow,ghost_cutin,Completed
584,clear,ghost_cutin,Completed
585,cloudy,ghost_cutin,Completed
586,rain,ghost_cutin,Completed
587,snow,ghost_cutin,Completed
588,clear,ghost_cutin,Completed
589,cloudy,ghost_cutin,Completed
590,rain,ghost_cutin,Completed
591,snow,ghost_cutin,Completed
592,clear,ghost_cutin,Completed
593,cloudy,ghost_cutin,Completed
594,rain,ghost_cutin,Failed -- Accident
595,snow,ghost_cutin,Completed
596,clear,ghost_cutin,Completed
597,cloudy,ghost_cutin,Completed
598,rain,ghost_cutin,Completed
599,snow,ghost_cutin,Completed
600,clear,ghost_cutin,Completed
601,cloudy,ghost_cutin,Completed
602,rain,ghost_cutin,Completed
603,snow,ghost_cutin,Completed
604,clear,ghost_cutin,Completed
605,cloudy,ghost_cutin,Completed
606,rain,ghost_cutin,Completed
607,snow,ghost_cutin,Completed
608,clear,ghost_cutin,Completed
609,cloudy,ghost_cutin,Completed
610,rain,ghost_cutin,Completed
611,snow,ghost_cutin,Completed
612,clear,ghost_cutin,Completed
613,cloudy,ghost_cutin,Completed
614,rain,ghost_cutin,Completed
615,snow,ghost_cutin,Completed
616,clear,ghost_cutin,Completed
617,cloudy,ghost_cutin,Completed
618,rain,ghost_cutin,Completed
619,snow,ghost_cutin,Completed
620,clear,ghost_cutin,Completed
621,cloudy,ghost_cutin,Completed
622,rain,ghost_cutin,Completed
623,snow,ghost_cutin,Completed
624,clear,ghost_cutin,Completed
625,cloudy,ghost_cutin,Completed
626,rain,ghost_cutin,Completed
627,snow,ghost_cutin,Completed
628,clear,ghost_cutin,Completed
629,cloudy,ghost_cutin,Completed
630,rain,ghost_cutin,Completed
631,snow,ghost_cutin,Failed -- Accident
632,clear,ghost_cutin,Completed
633,cloudy,ghost_cutin,Completed
634,rain,ghost_cutin,Completed
635,snow,ghost_cutin,Failed -- Accident
636,clear,ghost_cutin,Completed
637,cloudy,ghost_cutin,Completed
638,rain,ghost_cutin,Completed
639,snow,ghost_cutin,Failed -- Accident
640,clear,ghost_cutin,Completed
641,cloudy,ghost_cutin,Completed
642,rain,ghost_cutin,Completed
643,snow,ghost_cutin,Completed
644,clear,ghost_cutin,Completed
645,cloudy,ghost_cutin,Completed
646,rain,ghost_cutin,Completed
647,snow,ghost_cutin,Completed
648,clear,ghost_cutin,Completed
649,cloudy,ghost_cutin,Completed
650,rain,ghost_cutin,Completed
651,snow,ghost_cutin,Completed
652,clear,ghost_cutin,Completed
653,cloudy,ghost_cutin,Completed
654,rain,ghost_cutin,Failed -- Accident
655,snow,ghost_cutin,Completed
656,clear,ghost_cutin,Completed
657,cloudy,ghost_cutin,Completed
658,rain,ghost_cutin,Completed
659,snow,ghost_cutin,Completed
660,clear,ghost_cutin,Completed
661,cloudy,ghost_cutin,Completed
662,rain,ghost_cutin,Completed
663,snow,ghost_cutin,Completed
664,clear,ghost_cutin,Failed -- Simulator crashed
665,cloudy,ghost_cutin,Completed
666,rain,ghost_cutin,Completed
667,snow,ghost_cutin,Completed
668,clear,ghost_cutin,Completed
669,cloudy,ghost_cutin,Completed
670,rain,ghost_cutin,Completed
671,snow,ghost_cutin,Completed
672,clear,ghost_cutin,Completed
673,cloudy,ghost_cutin,Completed
674,rain,ghost_cutin,Completed
675,snow,ghost_cutin,Completed
676,clear,ghost_cutin,Completed
677,cloudy,ghost_cutin,Completed
678,rain,ghost_cutin,Failed -- Accident
679,snow,ghost_cutin,Completed
680,clear,ghost_cutin,Completed
681,cloudy,ghost_cutin,Completed
682,rain,ghost_cutin,Completed
683,snow,ghost_cutin,Completed
684,clear,ghost_cutin,Completed
685,cloudy,ghost_cutin,Failed -- Accident
686,rain,ghost_cutin,Failed -- Accident
687,snow,ghost_cutin,Completed
688,clear,ghost_cutin,Completed
689,cloudy,ghost_cutin,Completed
690,rain,ghost_cutin,Completed
691,snow,ghost_cutin,Completed
692,clear,ghost_cutin,Completed
693,cloudy,ghost_cutin,Completed
694,rain,ghost_cutin,Failed -- Accident
695,snow,ghost_cutin,Completed
696,clear,ghost_cutin,Completed
697,cloudy,ghost_cutin,Completed
698,rain,ghost_cutin,Completed
699,snow,ghost_cutin,Completed
700,clear,ghost_cutin,Completed
701,cloudy,ghost_cutin,Completed
702,rain,ghost_cutin,Completed
703,snow,ghost_cutin,Completed
704,clear,ghost_cutin,Completed
705,cloudy,ghost_cutin,Completed
706,rain,ghost_cutin,Completed
707,snow,ghost_cutin,Completed
708,clear,ghost_cutin,Completed
709,cloudy,ghost_cutin,Completed
710,rain,ghost_cutin,Completed
711,snow,ghost_cutin,Completed
712,clear,ghost_cutin,Completed
713,cloudy,ghost_cutin,Completed
714,rain,ghost_cutin,Completed
715,snow,ghost_cutin,Failed -- Accident
716,clear,ghost_cutin,Completed
717,cloudy,ghost_cutin,Completed
718,rain,ghost_cutin,Completed
719,snow,ghost_cutin,Completed
720,clear,ghost_cutin,Completed
721,cloudy,ghost_cutin,Completed
722,rain,ghost_cutin,Completed
723,snow,ghost_cutin,Completed
724,clear,ghost_cutin,Completed
725,cloudy,ghost_cutin,Completed
726,rain,ghost_cutin,Completed
727,snow,ghost_cutin,Completed
728,clear,ghost_cutin,Completed
729,cloudy,ghost_cutin,Completed
730,rain,ghost_cutin,Completed
731,snow,ghost_cutin,Completed
732,clear,ghost_cutin,Completed
733,cloudy,ghost_cutin,Failed -- Accident
734,rain,ghost_cutin,Failed -- Accident
735,snow,ghost_cutin,Completed
736,clear,ghost_cutin,Completed
737,cloudy,ghost_cutin,Failed -- Accident
738,rain,ghost_cutin,Completed
739,snow,ghost_cutin,Failed -- Accident
740,clear,ghost_cutin,Completed
741,cloudy,ghost_cutin,Completed
742,rain,ghost_cutin,Completed
743,snow,ghost_cutin,Completed
744,clear,ghost_cutin,Completed
745,cloudy,ghost_cutin,Completed
746,rain,ghost_cutin,Completed
747,snow,ghost_cutin,Completed
748,clear,ghost_cutin,Completed
749,cloudy,ghost_cutin,Completed
750,rain,ghost_cutin,Failed -- Accident
751,snow,ghost_cutin,Completed
752,clear,ghost_cutin,Completed
753,cloudy,ghost_cutin,Completed
754,rain,ghost_cutin,Completed
755,snow,ghost_cutin,Completed
756,clear,ghost_cutin,Completed
757,cloudy,ghost_cutin,Completed
758,rain,ghost_cutin,Completed
759,snow,ghost_cutin,Completed
760,clear,ghost_cutin,Completed
761,cloudy,ghost_cutin,Completed
762,rain,ghost_cutin,Completed
763,snow,ghost_cutin,Failed -- Accident
764,clear,ghost_cutin,Completed
765,cloudy,ghost_cutin,Completed
766,rain,ghost_cutin,Completed
767,snow,ghost_cutin,Completed
768,clear,ghost_cutin,Completed
769,cloudy,ghost_cutin,Completed
770,rain,ghost_cutin,Failed -- Accident
771,snow,ghost_cutin,Completed
772,clear,ghost_cutin,Completed
773,cloudy,ghost_cutin,Completed
774,rain,ghost_cutin,Failed -- Accident
775,snow,ghost_cutin,Completed
776,clear,ghost_cutin,Completed
777,cloudy,ghost_cutin,Completed
778,rain,ghost_cutin,Completed
779,snow,ghost_cutin,Completed
780,clear,ghost_cutin,Completed
781,cloudy,ghost_cutin,Completed
782,rain,ghost_cutin,Completed
783,snow,ghost_cutin,Completed
784,clear,ghost_cutin,Completed
785,cloudy,ghost_cutin,Completed
786,rain,ghost_cutin,Completed
787,snow,ghost_cutin,Completed
788,clear,ghost_cutin,Completed
789,cloudy,ghost_cutin,Completed
790,rain,ghost_cutin,Completed
791,snow,ghost_cutin,Completed
792,clear,ghost_cutin,Completed
793,cloudy,ghost_cutin,Completed
794,rain,ghost_cutin,Completed
795,snow,ghost_cutin,Completed
796,clear,ghost_cutin,Completed
797,cloudy,ghost_cutin,Completed
798,rain,ghost_cutin,Failed -- Accident
799,snow,ghost_cutin,Completed
800,clear,ghost_cutin,Completed
801,cloudy,ghost_cutin,Completed
802,rain,ghost_cutin,Completed
803,snow,ghost_cutin,Failed -- Accident
804,clear,ghost_cutin,Completed
805,cloudy,ghost_cutin,Completed
806,rain,ghost_cutin,Completed
807,snow,ghost_cutin,Completed
808,clear,ghost_cutin,Completed
809,cloudy,ghost_cutin,Completed
810,rain,ghost_cutin,Completed
811,snow,ghost_cutin,Completed
812,clear,ghost_cutin,Completed
813,cloudy,ghost_cutin,Completed
814,rain,ghost_cutin,Completed
815,snow,ghost_cutin,Completed
816,clear,ghost_cutin,Completed
817,cloudy,ghost_cutin,Completed
818,rain,ghost_cutin,Completed
819,snow,ghost_cutin,Completed
820,clear,ghost_cutin,Completed
821,cloudy,ghost_cutin,Completed
822,rain,ghost_cutin,Completed
823,snow,ghost_cutin,Failed -- Accident
824,clear,ghost_cutin,Completed
825,cloudy,ghost_cutin,Completed
826,rain,ghost_cutin,Completed
827,snow,ghost_cutin,Completed
828,clear,ghost_cutin,Completed
829,cloudy,ghost_cutin,Completed
830,rain,ghost_cutin,Completed
831,snow,ghost_cutin,Completed
832,clear,ghost_cutin,Completed
833,cloudy,ghost_cutin,Completed
834,rain,ghost_cutin,Completed
835,snow,ghost_cutin,Completed
836,clear,ghost_cutin,Completed
837,cloudy,ghost_cutin,Completed
838,rain,ghost_cutin,Failed -- Accident
839,snow,ghost_cutin,Completed
840,clear,ghost_cutin,Completed
841,cloudy,ghost_cutin,Completed
842,rain,ghost_cutin,Completed
843,snow,ghost_cutin,Failed -- Accident
844,clear,ghost_cutin,Completed
845,cloudy,ghost_cutin,Completed
846,rain,ghost_cutin,Completed
847,snow,ghost_cutin,Completed
848,clear,ghost_cutin,Completed
849,cloudy,ghost_cutin,Completed
850,rain,ghost_cutin,Completed
851,snow,ghost_cutin,Completed
852,clear,ghost_cutin,Completed
853,cloudy,ghost_cutin,Completed
854,rain,ghost_cutin,Completed
855,snow,ghost_cutin,Completed
856,clear,ghost_cutin,Completed
857,cloudy,ghost_cutin,Completed
858,rain,ghost_cutin,Completed
859,snow,ghost_cutin,Failed -- Accident
860,clear,ghost_cutin,Completed
861,cloudy,ghost_cutin,Completed
862,rain,ghost_cutin,Failed -- Accident
863,snow,ghost_cutin,Completed
864,clear,ghost_cutin,Completed
865,cloudy,ghost_cutin,Completed
866,rain,ghost_cutin,Completed
867,snow,ghost_cutin,Completed
868,clear,ghost_cutin,Completed
869,cloudy,ghost_cutin,Completed
870,rain,ghost_cutin,Completed
871,snow,ghost_cutin,Completed
872,clear,ghost_cutin,Completed
873,cloudy,ghost_cutin,Failed -- Accident
874,rain,ghost_cutin,Completed
875,snow,ghost_cutin,Completed
876,clear,ghost_cutin,Completed
877,cloudy,ghost_cutin,Completed
878,rain,ghost_cutin,Completed
879,snow,ghost_cutin,Completed
880,clear,ghost_cutin,Completed
881,cloudy,ghost_cutin,Completed
882,rain,ghost_cutin,Completed
883,snow,ghost_cutin,Completed
884,clear,ghost_cutin,Completed
885,cloudy,ghost_cutin,Completed
886,rain,ghost_cutin,Completed
887,snow,ghost_cutin,Completed
888,clear,ghost_cutin,Completed
889,cloudy,ghost_cutin,Completed
890,rain,ghost_cutin,Completed
891,snow,ghost_cutin,Completed
892,clear,ghost_cutin,Completed
893,cloudy,ghost_cutin,Completed
894,rain,ghost_cutin,Completed
895,snow,ghost_cutin,Failed -- Accident
896,clear,ghost_cutin,Completed
897,cloudy,ghost_cutin,Completed
898,rain,ghost_cutin,Completed
899,snow,ghost_cutin,Completed
900,clear,ghost_cutin,Completed
901,cloudy,ghost_cutin,Completed
902,rain,ghost_cutin,Completed
903,snow,ghost_cutin,Completed
904,clear,ghost_cutin,Completed
905,cloudy,ghost_cutin,Completed
906,rain,ghost_cutin,Completed
907,snow,ghost_cutin,Completed
908,clear,ghost_cutin,Completed
909,cloudy,ghost_cutin,Completed
910,rain,ghost_cutin,Failed -- Accident
911,snow,ghost_cutin,Completed
912,clear,ghost_cutin,Completed
913,cloudy,ghost_cutin,Completed
914,rain,ghost_cutin,Failed -- Accident
915,snow,ghost_cutin,Failed -- Accident
916,clear,ghost_cutin,Completed
917,cloudy,ghost_cutin,Completed
918,rain,ghost_cutin,Completed
919,snow,ghost_cutin,Completed
920,clear,ghost_cutin,Completed
921,cloudy,ghost_cutin,Completed
922,rain,ghost_cutin,Completed
923,snow,ghost_cutin,Completed
924,clear,ghost_cutin,Completed
925,cloudy,ghost_cutin,Completed
926,rain,ghost_cutin,Completed
927,snow,ghost_cutin,Failed -- Accident
928,clear,ghost_cutin,Completed
929,cloudy,ghost_cutin,Completed
930,rain,ghost_cutin,Completed
931,snow,ghost_cutin,Failed -- Accident
932,clear,ghost_cutin,Completed
933,cloudy,ghost_cutin,Completed
934,rain,ghost_cutin,Completed
935,snow,ghost_cutin,Completed
936,clear,ghost_cutin,Completed
937,cloudy,ghost_cutin,Completed
938,rain,ghost_cutin,Completed
939,snow,ghost_cutin,Completed
940,clear,ghost_cutin,Completed
941,cloudy,ghost_cutin,Completed
942,rain,ghost_cutin,Completed
943,snow,ghost_cutin,Completed
944,clear,ghost_cutin,Completed
945,cloudy,ghost_cutin,Completed
946,rain,ghost_cutin,Completed
947,snow,ghost_cutin,Completed
948,clear,ghost_cutin,Completed
949,cloudy,ghost_cutin,Completed
950,rain,ghost_cutin,Completed
951,snow,ghost_cutin,Failed -- Accident
952,clear,ghost_cutin,Completed
953,cloudy,ghost_cutin,Completed
954,rain,ghost_cutin,Completed
955,snow,ghost_cutin,Completed
956,clear,ghost_cutin,Completed
957,cloudy,ghost_cutin,Completed
958,rain,ghost_cutin,Completed
959,snow,ghost_cutin,Completed
960,clear,ghost_cutin,Completed
961,cloudy,ghost_cutin,Completed
962,rain,ghost_cutin,Failed -- Accident
963,snow,ghost_cutin,Completed
964,clear,ghost_cutin,Completed
965,cloudy,ghost_cutin,Completed
966,rain,ghost_cutin,Completed
967,snow,ghost_cutin,Completed
968,clear,ghost_cutin,Completed
969,cloudy,ghost_cutin,Completed
970,rain,ghost_cutin,Completed
971,snow,ghost_cutin,Failed -- Accident
972,clear,ghost_cutin,Completed
973,cloudy,ghost_cutin,Completed
974,rain,ghost_cutin,Completed
975,snow,ghost_cutin,Completed
976,clear,ghost_cutin,Completed
977,cloudy,ghost_cutin,Completed
978,rain,ghost_cutin,Completed
979,snow,ghost_cutin,Completed
980,clear,ghost_cutin,Completed
981,cloudy,ghost_cutin,Completed
982,rain,ghost_cutin,Completed
983,snow,ghost_cutin,Completed
984,clear,ghost_cutin,Completed
985,cloudy,ghost_cutin,Completed
986,rain,ghost_cutin,Completed
987,snow,ghost_cutin,Completed
988,clear,ghost_cutin,Completed
989,cloudy,ghost_cutin,Completed
990,rain,ghost_cutin,Completed
991,snow,ghost_cutin,Completed
992,clear,ghost_cutin,Completed
993,cloudy,ghost_cutin,Completed
994,rain,ghost_cutin,Completed
995,snow,ghost_cutin,Completed
996,clear,ghost_cutin,Completed
997,cloudy,ghost_cutin,Completed
998,rain,ghost_cutin,Completed
999,snow,ghost_cutin,Completed
1000,clear,ghost_cutin,Completed
1001,cloudy,ghost_cutin,Completed
1002,rain,ghost_cutin,Completed
1003,snow,ghost_cutin,Completed
1004,clear,ghost_cutin,Completed
1005,cloudy,ghost_cutin,Completed
1006,rain,ghost_cutin,Completed
1007,snow,ghost_cutin,Completed
1008,clear,ghost_cutin,Failed -- Simulator crashed
1009,cloudy,ghost_cutin,Completed
1010,rain,ghost_cutin,Completed
1011,snow,ghost_cutin,Completed
1012,clear,ghost_cutin,Completed
1013,cloudy,ghost_cutin,Completed
1014,rain,ghost_cutin,Failed -- Accident
1015,snow,ghost_cutin,Failed -- Accident
1016,clear,ghost_cutin,Completed
1017,cloudy,ghost_cutin,Completed
1018,rain,ghost_cutin,Completed
1019,snow,ghost_cutin,Completed
1020,clear,ghost_cutin,Completed
1021,cloudy,ghost_cutin,Completed
1022,rain,ghost_cutin,Completed
1023,snow,ghost_cutin,Completed
1024,clear,ghost_cutin,Completed
1025,cloudy,ghost_cutin,Completed
1026,rain,ghost_cutin,Completed
1027,snow,ghost_cutin,Completed
1028,clear,ghost_cutin,Completed
1029,cloudy,ghost_cutin,Completed
1030,rain,ghost_cutin,Completed
1031,snow,ghost_cutin,Failed -- Accident
1032,clear,ghost_cutin,Completed
1033,cloudy,ghost_cutin,Completed
1034,rain,ghost_cutin,Completed
1035,snow,ghost_cutin,Completed
1036,clear,ghost_cutin,Completed
1037,cloudy,ghost_cutin,Completed
1038,rain,ghost_cutin,Failed -- Accident
1039,snow,ghost_cutin,Failed -- Accident
1040,clear,ghost_cutin,Completed
1041,cloudy,ghost_cutin,Completed
1042,rain,ghost_cutin,Completed
1043,snow,ghost_cutin,Completed
1044,clear,ghost_cutin,Completed
1045,cloudy,ghost_cutin,Completed
1046,rain,ghost_cutin,Failed -- Accident
1047,snow,ghost_cutin,Completed
1048,clear,ghost_cutin,Completed
1049,cloudy,ghost_cutin,Completed
1050,rain,ghost_cutin,Completed
1051,snow,ghost_cutin,Completed
1052,clear,ghost_cutin,Completed
1053,cloudy,ghost_cutin,Completed
1054,rain,ghost_cutin,Completed
1055,snow,ghost_cutin,Failed -- Accident
1056,clear,ghost_cutin,Completed
1057,cloudy,ghost_cutin,Completed
1058,rain,ghost_cutin,Completed
1059,snow,ghost_cutin,Completed
1060,clear,ghost_cutin,Completed
1061,cloudy,ghost_cutin,Completed
1062,rain,ghost_cutin,Completed
1063,snow,ghost_cutin,Completed
1064,clear,ghost_cutin,Completed
1065,cloudy,ghost_cutin,Completed
1066,rain,ghost_cutin,Completed
1067,snow,ghost_cutin,Failed -- Accident
1068,clear,ghost_cutin,Completed
1069,cloudy,ghost_cutin,Completed
1070,rain,ghost_cutin,Completed
1071,snow,ghost_cutin,Completed
1072,clear,ghost_cutin,Completed
1073,cloudy,ghost_cutin,Completed
1074,rain,ghost_cutin,Completed
1075,snow,ghost_cutin,Completed
1076,clear,ghost_cutin,Completed
1077,cloudy,ghost_cutin,Completed
1078,rain,ghost_cutin,Completed
1079,snow,ghost_cutin,Completed
1080,clear,ghost_cutin,Completed
1081,cloudy,ghost_cutin,Completed
1082,rain,ghost_cutin,Completed
1083,snow,ghost_cutin,Completed
1084,clear,ghost_cutin,Completed
1085,cloudy,ghost_cutin,Completed
1086,rain,ghost_cutin,Completed
1087,snow,ghost_cutin,Completed
1088,clear,ghost_cutin,Completed
1089,cloudy,ghost_cutin,Completed
1090,rain,ghost_cutin,Completed
1091,snow,ghost_cutin,Failed -- Accident
1092,clear,ghost_cutin,Completed
1093,cloudy,ghost_cutin,Completed
1094,rain,ghost_cutin,Completed
1095,snow,ghost_cutin,Completed
1096,clear,ghost_cutin,Completed
1097,cloudy,ghost_cutin,Failed -- Accident
1098,rain,ghost_cutin,Completed
1099,snow,ghost_cutin,Completed
1100,clear,ghost_cutin,Completed
1101,cloudy,ghost_cutin,Completed
1102,rain,ghost_cutin,Completed
1103,snow,ghost_cutin,Completed
1104,clear,ghost_cutin,Completed
1105,cloudy,ghost_cutin,Completed
1106,rain,ghost_cutin,Completed
1107,snow,ghost_cutin,Completed
1108,clear,ghost_cutin,Completed
1109,cloudy,ghost_cutin,Completed
1110,rain,ghost_cutin,Completed
1111,snow,ghost_cutin,Completed
1112,clear,ghost_cutin,Completed
1113,cloudy,ghost_cutin,Completed
1114,rain,ghost_cutin,Completed
1115,snow,ghost_cutin,Completed
1116,clear,ghost_cutin,Completed
1117,cloudy,ghost_cutin,Completed
1118,rain,ghost_cutin,Completed
1119,snow,ghost_cutin,Completed
1120,clear,ghost_cutin,Completed
1121,cloudy,ghost_cutin,Completed
1122,rain,ghost_cutin,Completed
1123,snow,ghost_cutin,Completed
1124,clear,ghost_cutin,Completed
1125,cloudy,ghost_cutin,Completed
1126,rain,ghost_cutin,Completed
1127,snow,ghost_cutin,Completed
1128,clear,ghost_cutin,Completed
1129,cloudy,ghost_cutin,Completed
1130,rain,ghost_cutin,Failed -- Accident
1131,snow,ghost_cutin,Completed
1132,clear,ghost_cutin,Completed
1133,cloudy,ghost_cutin,Completed
1134,rain,ghost_cutin,Failed -- Accident
1135,snow,ghost_cutin,Failed -- Accident
1136,clear,ghost_cutin,Completed
1137,cloudy,ghost_cutin,Completed
1138,rain,ghost_cutin,Failed -- Accident
1139,snow,ghost_cutin,Completed
1140,clear,ghost_cutin,Completed
1141,cloudy,ghost_cutin,Completed
1142,rain,ghost_cutin,Failed -- Accident
1143,snow,ghost_cutin,Completed
1144,clear,ghost_cutin,Completed
1145,cloudy,ghost_cutin,Completed
1146,rain,ghost_cutin,Completed
1147,snow,ghost_cutin,Completed
1148,clear,ghost_cutin,Completed
1149,cloudy,ghost_cutin,Completed
1150,rain,ghost_cutin,Completed
1151,snow,ghost_cutin,Completed
1152,clear,ghost_cutin,Completed
1153,cloudy,ghost_cutin,Completed
1154,rain,ghost_cutin,Completed
1155,snow,ghost_cutin,Failed -- Accident
1156,clear,ghost_cutin,Completed
1157,cloudy,ghost_cutin,Completed
1158,rain,ghost_cutin,Completed
1159,snow,ghost_cutin,Completed
1160,clear,ghost_cutin,Failed -- Accident
1161,cloudy,ghost_cutin,Completed
1162,rain,ghost_cutin,Completed
1163,snow,ghost_cutin,Completed
1164,clear,ghost_cutin,Completed
1165,cloudy,ghost_cutin,Completed
1166,rain,ghost_cutin,Failed -- Accident
1167,snow,ghost_cutin,Completed
1168,clear,ghost_cutin,Completed
1169,cloudy,ghost_cutin,Completed
1170,rain,ghost_cutin,Completed
1171,snow,ghost_cutin,Failed -- Accident
1172,clear,ghost_cutin,Completed
1173,cloudy,ghost_cutin,Completed
1174,rain,ghost_cutin,Completed
1175,snow,ghost_cutin,Completed
1176,clear,ghost_cutin,Completed
1177,cloudy,ghost_cutin,Completed
1178,rain,ghost_cutin,Completed
1179,snow,ghost_cutin,Completed
1180,clear,ghost_cutin,Failed -- Simulator crashed
1181,cloudy,ghost_cutin,Completed
1182,rain,ghost_cutin,Completed
1183,snow,ghost_cutin,Failed -- Accident
1184,clear,ghost_cutin,Completed
1185,cloudy,ghost_cutin,Completed
1186,rain,ghost_cutin,Completed
1187,snow,ghost_cutin,Completed
1188,clear,ghost_cutin,Completed
1189,cloudy,ghost_cutin,Completed
1190,rain,ghost_cutin,Completed
1191,snow,ghost_cutin,Completed
1192,clear,ghost_cutin,Completed
1193,cloudy,ghost_cutin,Completed
1194,rain,ghost_cutin,Completed
1195,snow,ghost_cutin,Completed
1196,clear,ghost_cutin,Completed
1197,cloudy,ghost_cutin,Completed
1198,rain,ghost_cutin,Completed
1199,snow,ghost_cutin,Completed
1200,clear,ghost_cutin,Completed
1201,cloudy,ghost_cutin,Completed
1202,rain,ghost_cutin,Completed
1203,snow,ghost_cutin,Completed
1204,clear,ghost_cutin,Completed
1205,cloudy,ghost_cutin,Completed
1206,rain,ghost_cutin,Completed
1207,snow,ghost_cutin,Failed -- Accident
1208,clear,ghost_cutin,Completed
1209,cloudy,ghost_cutin,Completed
1210,rain,ghost_cutin,Completed
1211,snow,ghost_cutin,Completed
1212,clear,ghost_cutin,Failed -- Simulator crashed
1213,cloudy,ghost_cutin,Completed
1214,rain,ghost_cutin,Completed
1215,snow,ghost_cutin,Failed -- Accident
1216,clear,ghost_cutin,Completed
1217,cloudy,ghost_cutin,Completed
1218,rain,ghost_cutin,Completed
1219,snow,ghost_cutin,Completed
1220,clear,ghost_cutin,Completed
1221,cloudy,ghost_cutin,Completed
1222,rain,ghost_cutin,Failed -- Accident
1223,snow,ghost_cutin,Completed
1224,clear,ghost_cutin,Completed
1225,cloudy,ghost_cutin,Completed
1226,rain,ghost_cutin,Completed
1227,snow,ghost_cutin,Completed
1228,clear,ghost_cutin,Completed
1229,cloudy,ghost_cutin,Completed
1230,rain,ghost_cutin,Completed
1231,snow,ghost_cutin,Completed
1232,clear,ghost_cutin,Completed
1233,cloudy,ghost_cutin,Completed
1234,rain,ghost_cutin,Completed
1235,snow,ghost_cutin,Completed
1236,clear,ghost_cutin,Failed -- Simulator crashed
1237,cloudy,ghost_cutin,Completed
1238,rain,ghost_cutin,Completed
1239,snow,ghost_cutin,Completed
1240,clear,ghost_cutin,Completed
1241,cloudy,ghost_cutin,Completed
1242,rain,ghost_cutin,Completed
1243,snow,ghost_cutin,Completed
1244,clear,ghost_cutin,Completed
1245,cloudy,ghost_cutin,Completed
1246,rain,ghost_cutin,Completed
1247,snow,ghost_cutin,Completed
1248,clear,ghost_cutin,Completed
1249,cloudy,ghost_cutin,Completed
1250,rain,ghost_cutin,Completed
1251,snow,ghost_cutin,Completed
1252,clear,ghost_cutin,Completed
1253,cloudy,ghost_cutin,Completed
1254,rain,ghost_cutin,Completed
1255,snow,ghost_cutin,Failed -- Accident
1256,clear,ghost_cutin,Completed
1257,cloudy,ghost_cutin,Completed
1258,rain,ghost_cutin,Completed
1259,snow,ghost_cutin,Completed
1260,clear,ghost_cutin,Completed
1261,cloudy,ghost_cutin,Completed
1262,rain,ghost_cutin,Completed
1263,snow,ghost_cutin,Completed
1264,clear,ghost_cutin,Completed
1265,cloudy,ghost_cutin,Completed
1266,rain,ghost_cutin,Failed -- Accident
1267,snow,ghost_cutin,Completed
1268,clear,ghost_cutin,Completed
1269,cloudy,ghost_cutin,Completed
1270,rain,ghost_cutin,Completed
1271,snow,ghost_cutin,Completed
1272,clear,ghost_cutin,Completed
1273,cloudy,ghost_cutin,Completed
1274,rain,ghost_cutin,Completed
1275,snow,ghost_cutin,Completed
1276,clear,ghost_cutin,Completed
1277,cloudy,ghost_cutin,Completed
1278,rain,ghost_cutin,Completed
1279,snow,ghost_cutin,Completed
1280,clear,ghost_cutin,Completed
1281,cloudy,ghost_cutin,Completed
1282,rain,ghost_cutin,Completed
1283,snow,ghost_cutin,Completed
1284,clear,ghost_cutin,Completed
1285,cloudy,ghost_cutin,Completed
1286,rain,ghost_cutin,Completed
1287,snow,ghost_cutin,Failed -- Accident
1288,clear,ghost_cutin,Completed
1289,cloudy,ghost_cutin,Completed
1290,rain,ghost_cutin,Failed -- Accident
1291,snow,ghost_cutin,Completed
1292,clear,ghost_cutin,Completed
1293,cloudy,ghost_cutin,Completed
1294,rain,ghost_cutin,Completed
1295,snow,ghost_cutin,Completed
1296,clear,ghost_cutin,Completed
1297,cloudy,ghost_cutin,Completed
1298,rain,ghost_cutin,Completed
1299,snow,ghost_cutin,Completed
1300,clear,ghost_cutin,Completed
1301,cloudy,ghost_cutin,Completed
1302,rain,ghost_cutin,Completed
1303,snow,ghost_cutin,Completed
1304,clear,ghost_cutin,Completed
1305,cloudy,ghost_cutin,Completed
1306,rain,ghost_cutin,Completed
1307,snow,ghost_cutin,Completed
1308,clear,ghost_cutin,Completed
1309,cloudy,ghost_cutin,Completed
1310,rain,ghost_cutin,Completed
1311,snow,ghost_cutin,Completed
1312,clear,ghost_cutin,Completed
1313,cloudy,ghost_cutin,Completed
1314,rain,ghost_cutin,Failed -- Accident
1315,snow,ghost_cutin,Failed -- Accident
1316,clear,ghost_cutin,Completed
1317,cloudy,ghost_cutin,Completed
1318,rain,ghost_cutin,Completed
1319,snow,ghost_cutin,Failed -- Accident
1320,clear,ghost_cutin,Completed
1321,cloudy,ghost_cutin,Completed
1322,rain,ghost_cutin,Completed
1323,snow,ghost_cutin,Completed
1324,clear,ghost_cutin,Completed
1325,cloudy,ghost_cutin,Failed -- Accident
1326,rain,ghost_cutin,Completed
1327,snow,ghost_cutin,Completed
1328,clear,ghost_cutin,Completed
1329,cloudy,ghost_cutin,Completed
1330,rain,ghost_cutin,Failed -- Simulator crashed
1331,snow,ghost_cutin,Completed
1332,clear,ghost_cutin,Completed
1333,cloudy,ghost_cutin,Completed
1334,rain,ghost_cutin,Completed
1335,snow,ghost_cutin,Completed
1336,clear,ghost_cutin,Completed
1337,cloudy,ghost_cutin,Completed
1338,rain,ghost_cutin,Failed -- Accident
1339,snow,ghost_cutin,Completed
1340,clear,ghost_cutin,Completed
1341,cloudy,ghost_cutin,Completed
1342,rain,ghost_cutin,Completed
1343,snow,ghost_cutin,Completed
1344,clear,ghost_cutin,Completed
1345,cloudy,ghost_cutin,Completed
1346,rain,ghost_cutin,Completed
1347,snow,ghost_cutin,Completed
1348,clear,ghost_cutin,Completed
1349,cloudy,ghost_cutin,Completed
1350,rain,ghost_cutin,Completed
1351,snow,ghost_cutin,Completed
1352,clear,ghost_cutin,Completed
1353,cloudy,ghost_cutin,Completed
1354,rain,ghost_cutin,Completed
1355,snow,ghost_cutin,Completed
1356,clear,ghost_cutin,Completed
1357,cloudy,ghost_cutin,Failed -- Accident
1358,rain,ghost_cutin,Completed
1359,snow,ghost_cutin,Failed -- Simulator crashed
1360,clear,ghost_cutin,Completed
1361,cloudy,ghost_cutin,Completed
1362,rain,ghost_cutin,Completed
1363,snow,ghost_cutin,Completed
1364,clear,ghost_cutin,Completed
1365,cloudy,ghost_cutin,Failed -- Simulator crashed
1366,rain,ghost_cutin,Failed -- Accident
1367,snow,ghost_cutin,Completed
1368,clear,ghost_cutin,Completed
1369,cloudy,ghost_cutin,Completed
1370,rain,ghost_cutin,Completed
1371,snow,ghost_cutin,Failed -- Accident
1372,clear,ghost_cutin,Completed
1373,cloudy,ghost_cutin,Completed
1374,rain,ghost_cutin,Completed
1375,snow,ghost_cutin,Completed
1376,clear,ghost_cutin,Completed
1377,cloudy,ghost_cutin,Completed
1378,rain,ghost_cutin,Completed
1379,snow,ghost_cutin,Completed
1380,clear,ghost_cutin,Completed
1381,cloudy,ghost_cutin,Completed
1382,rain,ghost_cutin,Completed
1383,snow,ghost_cutin,Failed -- Accident
1384,clear,ghost_cutin,Completed
1385,cloudy,ghost_cutin,Completed
1386,rain,ghost_cutin,Completed
1387,snow,ghost_cutin,Completed
1388,clear,ghost_cutin,Completed
1389,cloudy,ghost_cutin,Completed
1390,rain,ghost_cutin,Completed
1391,snow,ghost_cutin,Failed -- Accident
1392,clear,ghost_cutin,Completed
1393,cloudy,ghost_cutin,Completed
1394,rain,ghost_cutin,Completed
1395,snow,ghost_cutin,Completed
1396,clear,ghost_cutin,Completed
1397,cloudy,ghost_cutin,Completed
1398,rain,ghost_cutin,Completed
1399,snow,ghost_cutin,Completed
1400,clear,ghost_cutin,Completed
1401,cloudy,ghost_cutin,Completed
1402,rain,ghost_cutin,Completed
1403,snow,ghost_cutin,Failed -- Accident
1404,clear,ghost_cutin,Completed
1405,cloudy,ghost_cutin,Completed
1406,rain,ghost_cutin,Failed -- Accident
1407,snow,ghost_cutin,Completed
1408,clear,ghost_cutin,Completed
1409,cloudy,ghost_cutin,Completed
1410,rain,ghost_cutin,Completed
1411,snow,ghost_cutin,Completed
1412,clear,ghost_cutin,Completed
1413,cloudy,ghost_cutin,Completed
1414,rain,ghost_cutin,Completed
1415,snow,ghost_cutin,Completed
1416,clear,ghost_cutin,Completed
1417,cloudy,ghost_cutin,Completed
1418,rain,ghost_cutin,Completed
1419,snow,ghost_cutin,Completed
1420,clear,ghost_cutin,Completed
1421,cloudy,ghost_cutin,Completed
1422,rain,ghost_cutin,Failed -- Accident
1423,snow,ghost_cutin,Completed
1424,clear,ghost_cutin,Completed
1425,cloudy,ghost_cutin,Completed
1426,rain,ghost_cutin,Completed
1427,snow,ghost_cutin,Completed
1428,clear,ghost_cutin,Completed
1429,cloudy,ghost_cutin,Completed
1430,rain,ghost_cutin,Completed
1431,snow,ghost_cutin,Completed
1432,clear,ghost_cutin,Completed
1433,cloudy,ghost_cutin,Completed
1434,rain,ghost_cutin,Completed
1435,snow,ghost_cutin,Completed
1436,clear,ghost_cutin,Completed
1437,cloudy,ghost_cutin,Completed
1438,rain,ghost_cutin,Completed
1439,snow,ghost_cutin,Completed
1440,clear,ghost_cutin,Completed
1441,cloudy,ghost_cutin,Completed
1442,rain,ghost_cutin,Completed
1443,snow,ghost_cutin,Completed
1444,clear,ghost_cutin,Completed
1445,cloudy,ghost_cutin,Completed
1446,rain,ghost_cutin,Completed
1447,snow,ghost_cutin,Completed
1448,clear,ghost_cutin,Completed
1449,cloudy,ghost_cutin,Completed
1450,rain,ghost_cutin,Completed
1451,snow,ghost_cutin,Failed -- Accident
1452,clear,ghost_cutin,Completed
1453,cloudy,ghost_cutin,Completed
1454,rain,ghost_cutin,Completed
1455,snow,ghost_cutin,Completed
1456,clear,ghost_cutin,Completed
1457,cloudy,ghost_cutin,Completed
1458,rain,ghost_cutin,Completed
1459,snow,ghost_cutin,Completed
1460,clear,ghost_cutin,Completed
1461,cloudy,ghost_cutin,Completed
1462,rain,ghost_cutin,Completed
1463,snow,ghost_cutin,Failed -- Accident
1464,clear,ghost_cutin,Completed
1465,cloudy,ghost_cutin,Completed
1466,rain,ghost_cutin,Completed
1467,snow,ghost_cutin,Failed -- Simulator crashed
1468,clear,ghost_cutin,Completed
1469,cloudy,ghost_cutin,Completed
1470,rain,ghost_cutin,Completed
1471,snow,ghost_cutin,Completed
1472,clear,ghost_cutin,Completed
1473,cloudy,ghost_cutin,Completed
1474,rain,ghost_cutin,Completed
1475,snow,ghost_cutin,Failed -- Accident
1476,clear,ghost_cutin,Completed
1477,cloudy,ghost_cutin,Completed
1478,rain,ghost_cutin,Completed
1479,snow,ghost_cutin,Completed
1480,clear,ghost_cutin,Completed
1481,cloudy,ghost_cutin,Completed
1482,rain,ghost_cutin,Completed
1483,snow,ghost_cutin,Completed
1484,clear,ghost_cutin,Completed
1485,cloudy,ghost_cutin,Completed
1486,rain,ghost_cutin,Completed
1487,snow,ghost_cutin,Completed
1488,clear,ghost_cutin,Completed
1489,cloudy,ghost_cutin,Completed
1490,rain,ghost_cutin,Failed -- Accident
1491,snow,ghost_cutin,Completed
1492,clear,ghost_cutin,Completed
1493,cloudy,ghost_cutin,Completed
1494,rain,ghost_cutin,Completed
1495,snow,ghost_cutin,Completed
1496,clear,ghost_cutin,Completed
1497,cloudy,ghost_cutin,Completed
1498,rain,ghost_cutin,Completed
1499,snow,ghost_cutin,Completed
1500,clear,ghost_cutin,Completed
1501,cloudy,ghost_cutin,Failed -- Accident
1502,rain,ghost_cutin,Failed -- Accident
1503,snow,ghost_cutin,Failed -- Accident
1504,clear,ghost_cutin,Completed
1505,cloudy,ghost_cutin,Completed
1506,rain,ghost_cutin,Completed
1507,snow,ghost_cutin,Completed
1508,clear,ghost_cutin,Completed
1509,cloudy,ghost_cutin,Completed
1510,rain,ghost_cutin,Completed
1511,snow,ghost_cutin,Completed
1512,clear,ghost_cutin,Completed
1513,cloudy,ghost_cutin,Completed
1514,rain,ghost_cutin,Completed
1515,snow,ghost_cutin,Completed
1516,clear,ghost_cutin,Completed
1517,cloudy,ghost_cutin,Completed
1518,rain,ghost_cutin,Completed
1519,snow,ghost_cutin,Failed -- Accident
1520,clear,ghost_cutin,Completed
1521,cloudy,ghost_cutin,Completed
1522,rain,ghost_cutin,Completed
1523,snow,ghost_cutin,Failed -- Accident
1524,clear,ghost_cutin,Completed
1525,cloudy,ghost_cutin,Completed
1526,rain,ghost_cutin,Completed
1527,snow,ghost_cutin,Completed
1528,clear,ghost_cutin,Completed
1529,cloudy,ghost_cutin,Completed
1530,rain,ghost_cutin,Completed
1531,snow,ghost_cutin,Completed
1532,clear,ghost_cutin,Completed
1533,cloudy,ghost_cutin,Completed
1534,rain,ghost_cutin,Completed
1535,snow,ghost_cutin,Completed
1536,clear,ghost_cutin,Completed
1537,cloudy,ghost_cutin,Completed
1538,rain,ghost_cutin,Completed
1539,snow,ghost_cutin,Completed
1540,clear,ghost_cutin,Completed
1541,cloudy,ghost_cutin,Completed
1542,rain,ghost_cutin,Completed
1543,snow,ghost_cutin,Completed
1544,clear,ghost_cutin,Completed
1545,cloudy,ghost_cutin,Completed
1546,rain,ghost_cutin,Completed
1547,snow,ghost_cutin,Completed
1548,clear,ghost_cutin,Completed
1549,cloudy,ghost_cutin,Failed -- Accident
1550,rain,ghost_cutin,Completed
1551,snow,ghost_cutin,Completed
1552,clear,ghost_cutin,Completed
1553,cloudy,ghost_cutin,Completed
1554,rain,ghost_cutin,Completed
1555,snow,ghost_cutin,Completed
1556,clear,ghost_cutin,Completed
1557,cloudy,ghost_cutin,Completed
1558,rain,ghost_cutin,Completed
1559,snow,ghost_cutin,Completed
1560,clear,ghost_cutin,Completed
1561,cloudy,ghost_cutin,Completed
1562,rain,ghost_cutin,Completed
1563,snow,ghost_cutin,Completed
1564,clear,ghost_cutin,Completed
1565,cloudy,ghost_cutin,Completed
1566,rain,ghost_cutin,Completed
1567,snow,ghost_cutin,Completed
1568,clear,ghost_cutin,Completed
1569,cloudy,ghost_cutin,Completed
1570,rain,ghost_cutin,Completed
1571,snow,ghost_cutin,Failed -- Accident
1572,clear,ghost_cutin,Completed
1573,cloudy,ghost_cutin,Completed
1574,rain,ghost_cutin,Completed
1575,snow,ghost_cutin,Completed
1576,clear,ghost_cutin,Completed
1577,cloudy,ghost_cutin,Completed
1578,rain,ghost_cutin,Completed
1579,snow,ghost_cutin,Completed
1580,clear,ghost_cutin,Completed
1581,cloudy,ghost_cutin,Completed
1582,rain,ghost_cutin,Completed
1583,snow,ghost_cutin,Completed
1584,clear,ghost_cutin,Completed
1585,cloudy,ghost_cutin,Completed
1586,rain,ghost_cutin,Completed
1587,snow,ghost_cutin,Completed
1588,clear,ghost_cutin,Completed
1589,cloudy,ghost_cutin,Completed
1590,rain,ghost_cutin,Completed
1591,snow,ghost_cutin,Failed -- Accident
1592,clear,ghost_cutin,Completed
1593,cloudy,ghost_cutin,Completed
1594,rain,ghost_cutin,Completed
1595,snow,ghost_cutin,Completed
1596,clear,ghost_cutin,Completed
1597,cloudy,ghost_cutin,Completed
1598,rain,ghost_cutin,Completed
1599,snow,ghost_cutin,Completed
1600,clear,ghost_cutin,Completed
1601,cloudy,ghost_cutin,Completed
1602,rain,ghost_cutin,Completed
1603,snow,ghost_cutin,Failed -- Accident
1604,clear,ghost_cutin,Completed
1605,cloudy,ghost_cutin,Completed
1606,rain,ghost_cutin,Failed -- Accident
1607,snow,ghost_cutin,Completed
1608,clear,ghost_cutin,Completed
1609,cloudy,ghost_cutin,Completed
1610,rain,ghost_cutin,Completed
1611,snow,ghost_cutin,Completed
1612,clear,ghost_cutin,Completed
1613,cloudy,ghost_cutin,Completed
1614,rain,ghost_cutin,Completed
1615,snow,ghost_cutin,Completed
1616,clear,ghost_cutin,Completed
1617,cloudy,ghost_cutin,Failed -- Accident
1618,rain,ghost_cutin,Completed
1619,snow,ghost_cutin,Completed
1620,clear,ghost_cutin,Completed
1621,cloudy,ghost_cutin,Completed
1622,rain,ghost_cutin,Completed
1623,snow,ghost_cutin,Completed
1624,clear,ghost_cutin,Completed
1625,cloudy,ghost_cutin,Completed
1626,rain,ghost_cutin,Completed
1627,snow,ghost_cutin,Completed
1628,clear,ghost_cutin,Completed
1629,cloudy,ghost_cutin,Completed
1630,rain,ghost_cutin,Completed
1631,snow,ghost_cutin,Completed
1632,clear,ghost_cutin,Completed
1633,cloudy,ghost_cutin,Completed
1634,rain,ghost_cutin,Failed -- Accident
1635,snow,ghost_cutin,Completed
1636,clear,ghost_cutin,Completed
1637,cloudy,ghost_cutin,Completed
1638,rain,ghost_cutin,Completed
1639,snow,ghost_cutin,Completed
1640,clear,ghost_cutin,Completed
1641,cloudy,ghost_cutin,Completed
1642,rain,ghost_cutin,Completed
1643,snow,ghost_cutin,Completed
1644,clear,ghost_cutin,Completed
1645,cloudy,ghost_cutin,Completed
1646,rain,ghost_cutin,Completed
1647,snow,ghost_cutin,Completed
1648,clear,ghost_cutin,Completed
1649,cloudy,ghost_cutin,Completed
1650,rain,ghost_cutin,Completed
1651,snow,ghost_cutin,Failed -- Accident
1652,clear,ghost_cutin,Completed
1653,cloudy,ghost_cutin,Completed
1654,rain,ghost_cutin,Completed
1655,snow,ghost_cutin,Failed -- Accident
1656,clear,ghost_cutin,Completed
1657,cloudy,ghost_cutin,Completed
1658,rain,ghost_cutin,Completed
1659,snow,ghost_cutin,Completed
1660,clear,ghost_cutin,Completed
1661,cloudy,ghost_cutin,Completed
1662,rain,ghost_cutin,Completed
1663,snow,ghost_cutin,Completed
1664,clear,ghost_cutin,Completed
1665,cloudy,ghost_cutin,Completed
1666,rain,ghost_cutin,Completed
1667,snow,ghost_cutin,Completed
1668,clear,ghost_cutin,Completed
1669,cloudy,ghost_cutin,Completed
1670,rain,ghost_cutin,Completed
1671,snow,ghost_cutin,Failed -- Accident
1672,clear,ghost_cutin,Completed
1673,cloudy,ghost_cutin,Completed
1674,rain,ghost_cutin,Completed
1675,snow,ghost_cutin,Completed
1676,clear,ghost_cutin,Completed
1677,cloudy,ghost_cutin,Completed
1678,rain,ghost_cutin,Completed
1679,snow,ghost_cutin,Failed -- Accident
1680,clear,ghost_cutin,Completed
1681,cloudy,ghost_cutin,Completed
1682,rain,ghost_cutin,Completed
1683,snow,ghost_cutin,Completed
1684,clear,ghost_cutin,Completed
1685,cloudy,ghost_cutin,Completed
1686,rain,ghost_cutin,Completed
1687,snow,ghost_cutin,Completed
1688,clear,ghost_cutin,Completed
1689,cloudy,ghost_cutin,Completed
1690,rain,ghost_cutin,Completed
1691,snow,ghost_cutin,Completed
1692,clear,ghost_cutin,Completed
1693,cloudy,ghost_cutin,Completed
1694,rain,ghost_cutin,Completed
1695,snow,ghost_cutin,Completed
1696,clear,ghost_cutin,Completed
1697,cloudy,ghost_cutin,Completed
1698,rain,ghost_cutin,Completed
1699,snow,ghost_cutin,Completed
1700,clear,ghost_cutin,Completed
1701,cloudy,ghost_cutin,Failed -- Accident
1702,rain,ghost_cutin,Completed
1703,snow,ghost_cutin,Completed
1704,clear,ghost_cutin,Completed
1705,cloudy,ghost_cutin,Failed -- Simulator crashed
1706,rain,ghost_cutin,Completed
1707,snow,ghost_cutin,Completed
1708,clear,ghost_cutin,Completed
1709,cloudy,ghost_cutin,Completed
1710,rain,ghost_cutin,Completed
1711,snow,ghost_cutin,Completed
1712,clear,ghost_cutin,Completed
1713,cloudy,ghost_cutin,Completed
1714,rain,ghost_cutin,Completed
1715,snow,ghost_cutin,Completed
1716,clear,ghost_cutin,Completed
1717,cloudy,ghost_cutin,Completed
1718,rain,ghost_cutin,Completed
1719,snow,ghost_cutin,Completed
1720,clear,ghost_cutin,Completed
1721,cloudy,ghost_cutin,Failed -- Accident
1722,rain,ghost_cutin,Completed
1723,snow,ghost_cutin,Completed
1724,clear,ghost_cutin,Completed
1725,cloudy,ghost_cutin,Completed
1726,rain,ghost_cutin,Completed
1727,snow,ghost_cutin,Failed -- Accident
1728,clear,ghost_cutin,Completed
1729,cloudy,ghost_cutin,Failed -- Accident
1730,rain,ghost_cutin,Completed
1731,snow,ghost_cutin,Completed
1732,clear,ghost_cutin,Completed
1733,cloudy,ghost_cutin,Completed
1734,rain,ghost_cutin,Completed
1735,snow,ghost_cutin,Completed
1736,clear,ghost_cutin,Completed
1737,cloudy,ghost_cutin,Completed
1738,rain,ghost_cutin,Completed
1739,snow,ghost_cutin,Completed
1740,clear,ghost_cutin,Completed
1741,cloudy,ghost_cutin,Completed
1742,rain,ghost_cutin,Completed
1743,snow,ghost_cutin,Completed
1744,clear,ghost_cutin,Completed
1745,cloudy,ghost_cutin,Completed
1746,rain,ghost_cutin,Failed -- Simulator crashed
1747,snow,ghost_cutin,Failed -- Accident
1748,clear,ghost_cutin,Completed
1749,cloudy,ghost_cutin,Completed
1750,rain,ghost_cutin,Completed
1751,snow,ghost_cutin,Completed
1752,clear,ghost_cutin,Completed
1753,cloudy,ghost_cutin,Completed
1754,rain,ghost_cutin,Completed
1755,snow,ghost_cutin,Completed
1756,clear,ghost_cutin,Completed
1757,cloudy,ghost_cutin,Completed
1758,rain,ghost_cutin,Completed
1759,snow,ghost_cutin,Completed
1760,clear,ghost_cutin,Completed
1761,cloudy,ghost_cutin,Failed -- Accident
1762,rain,ghost_cutin,Completed
1763,snow,ghost_cutin,Failed -- Accident
1764,clear,ghost_cutin,Failed -- Accident
1765,cloudy,ghost_cutin,Completed
1766,rain,ghost_cutin,Completed
1767,snow,ghost_cutin,Completed
1768,clear,ghost_cutin,Completed
1769,cloudy,ghost_cutin,Failed -- Simulator crashed
1770,rain,ghost_cutin,Completed
1771,snow,ghost_cutin,Completed
1772,clear,ghost_cutin,Completed
1773,cloudy,ghost_cutin,Completed
1774,rain,ghost_cutin,Completed
1775,snow,ghost_cutin,Completed
1776,clear,ghost_cutin,Completed
1777,cloudy,ghost_cutin,Completed
1778,rain,ghost_cutin,Completed
1779,snow,ghost_cutin,Completed
1780,clear,ghost_cutin,Completed
1781,cloudy,ghost_cutin,Completed
1782,rain,ghost_cutin,Completed
1783,snow,ghost_cutin,Completed
1784,clear,ghost_cutin,Completed
1785,cloudy,ghost_cutin,Completed
1786,rain,ghost_cutin,Completed
1787,snow,ghost_cutin,Failed -- Accident
1788,clear,ghost_cutin,Completed
1789,cloudy,ghost_cutin,Completed
1790,rain,ghost_cutin,Completed
1791,snow,ghost_cutin,Failed -- Accident
1792,clear,ghost_cutin,Completed
1793,cloudy,ghost_cutin,Completed
1794,rain,ghost_cutin,Completed
1795,snow,ghost_cutin,Completed
1796,clear,ghost_cutin,Completed
1797,cloudy,ghost_cutin,Completed
1798,rain,ghost_cutin,Completed
1799,snow,ghost_cutin,Failed -- Accident
1800,clear,ghost_cutin,Completed
1801,cloudy,ghost_cutin,Completed
1802,rain,ghost_cutin,Completed
1803,snow,ghost_cutin,Completed
1804,clear,ghost_cutin,Completed
1805,cloudy,ghost_cutin,Completed
1806,rain,ghost_cutin,Completed
1807,snow,ghost_cutin,Completed
1808,clear,ghost_cutin,Completed
1809,cloudy,ghost_cutin,Completed
1810,rain,ghost_cutin,Completed
1811,snow,ghost_cutin,Completed
1812,clear,ghost_cutin,Failed -- Accident
1813,cloudy,ghost_cutin,Completed
1814,rain,ghost_cutin,Completed
1815,snow,ghost_cutin,Completed
1816,clear,ghost_cutin,Completed
1817,cloudy,ghost_cutin,Completed
1818,rain,ghost_cutin,Completed
1819,snow,ghost_cutin,Failed -- Accident
1820,clear,ghost_cutin,Completed
1821,cloudy,ghost_cutin,Completed
1822,rain,ghost_cutin,Completed
1823,snow,ghost_cutin,Completed
1824,clear,ghost_cutin,Completed
1825,cloudy,ghost_cutin,Completed
1826,rain,ghost_cutin,Completed
1827,snow,ghost_cutin,Completed
1828,clear,ghost_cutin,Completed
1829,cloudy,ghost_cutin,Completed
1830,rain,ghost_cutin,Completed
1831,snow,ghost_cutin,Completed
1832,clear,ghost_cutin,Completed
1833,cloudy,ghost_cutin,Completed
1834,rain,ghost_cutin,Failed -- Accident
1835,snow,ghost_cutin,Completed
1836,clear,ghost_cutin,Completed
1837,cloudy,ghost_cutin,Completed
1838,rain,ghost_cutin,Completed
1839,snow,ghost_cutin,Completed
1840,clear,ghost_cutin,Completed
1841,cloudy,ghost_cutin,Completed
1842,rain,ghost_cutin,Completed
1843,snow,ghost_cutin,Completed
1844,clear,ghost_cutin,Completed
1845,cloudy,ghost_cutin,Completed
1846,rain,ghost_cutin,Completed
1847,snow,ghost_cutin,Completed
1848,clear,ghost_cutin,Completed
1849,cloudy,ghost_cutin,Completed
1850,rain,ghost_cutin,Completed
1851,snow,ghost_cutin,Failed -- Accident
1852,clear,ghost_cutin,Completed
1853,cloudy,ghost_cutin,Completed
1854,rain,ghost_cutin,Completed
1855,snow,ghost_cutin,Completed
1856,clear,ghost_cutin,Completed
1857,cloudy,ghost_cutin,Completed
1858,rain,ghost_cutin,Completed
1859,snow,ghost_cutin,Completed
1860,clear,ghost_cutin,Completed
1861,cloudy,ghost_cutin,Completed
1862,rain,ghost_cutin,Completed
1863,snow,ghost_cutin,Failed -- Accident
1864,clear,ghost_cutin,Completed
1865,cloudy,ghost_cutin,Completed
1866,rain,ghost_cutin,Completed
1867,snow,ghost_cutin,Completed
1868,clear,ghost_cutin,Completed
1869,cloudy,ghost_cutin,Completed
1870,rain,ghost_cutin,Completed
1871,snow,ghost_cutin,Failed -- Accident
1872,clear,ghost_cutin,Completed
1873,cloudy,ghost_cutin,Completed
1874,rain,ghost_cutin,Completed
1875,snow,ghost_cutin,Completed
1876,clear,ghost_cutin,Completed
1877,cloudy,ghost_cutin,Failed -- Accident
1878,rain,ghost_cutin,Completed
1879,snow,ghost_cutin,Failed -- Accident
1880,clear,ghost_cutin,Completed
1881,cloudy,ghost_cutin,Completed
1882,rain,ghost_cutin,Completed
1883,snow,ghost_cutin,Completed
1884,clear,ghost_cutin,Completed
1885,cloudy,ghost_cutin,Completed
1886,rain,ghost_cutin,Completed
1887,snow,ghost_cutin,Completed
1888,clear,ghost_cutin,Completed
1889,cloudy,ghost_cutin,Completed
1890,rain,ghost_cutin,Completed
1891,snow,ghost_cutin,Completed
1892,clear,ghost_cutin,Completed
1893,cloudy,ghost_cutin,Completed
1894,rain,ghost_cutin,Completed
1895,snow,ghost_cutin,Completed
1896,clear,ghost_cutin,Failed -- Simulator crashed
1897,cloudy,ghost_cutin,Completed
1898,rain,ghost_cutin,Completed
1899,snow,ghost_cutin,Completed
1900,clear,ghost_cutin,Completed
1901,cloudy,ghost_cutin,Completed
1902,rain,ghost_cutin,Completed
1903,snow,ghost_cutin,Failed -- Accident
1904,clear,ghost_cutin,Completed
1905,cloudy,ghost_cutin,Completed
1906,rain,ghost_cutin,Completed
1907,snow,ghost_cutin,Completed
1908,clear,ghost_cutin,Completed
1909,cloudy,ghost_cutin,Completed
1910,rain,ghost_cutin,Completed
1911,snow,ghost_cutin,Completed
1912,clear,ghost_cutin,Completed
1913,cloudy,ghost_cutin,Completed
1914,rain,ghost_cutin,Completed
1915,snow,ghost_cutin,Completed
1916,clear,ghost_cutin,Completed
1917,cloudy,ghost_cutin,Completed
1918,rain,ghost_cutin,Completed
1919,snow,ghost_cutin,Failed -- Accident
1920,clear,ghost_cutin,Completed
1921,cloudy,ghost_cutin,Completed
1922,rain,ghost_cutin,Completed
1923,snow,ghost_cutin,Failed -- Accident
1924,clear,ghost_cutin,Completed
1925,cloudy,ghost_cutin,Completed
1926,rain,ghost_cutin,Completed
1927,snow,ghost_cutin,Failed -- Accident
1928,clear,ghost_cutin,Completed
1929,cloudy,ghost_cutin,Completed
1930,rain,ghost_cutin,Completed
1931,snow,ghost_cutin,Completed
1932,clear,ghost_cutin,Completed
1933,cloudy,ghost_cutin,Completed
1934,rain,ghost_cutin,Completed
1935,snow,ghost_cutin,Completed
1936,clear,ghost_cutin,Completed
1937,cloudy,ghost_cutin,Completed
1938,rain,ghost_cutin,Completed
1939,snow,ghost_cutin,Completed
1940,clear,ghost_cutin,Completed
1941,cloudy,ghost_cutin,Completed
1942,rain,ghost_cutin,Completed
1943,snow,ghost_cutin,Completed
1944,clear,ghost_cutin,Completed
1945,cloudy,ghost_cutin,Completed
1946,rain,ghost_cutin,Completed
1947,snow,ghost_cutin,Completed
1948,clear,ghost_cutin,Completed
1949,cloudy,ghost_cutin,Completed
1950,rain,ghost_cutin,Completed
1951,snow,ghost_cutin,Completed
1952,clear,ghost_cutin,Completed
1953,cloudy,ghost_cutin,Completed
1954,rain,ghost_cutin,Completed
1955,snow,ghost_cutin,Completed
1956,clear,ghost_cutin,Completed
1957,cloudy,ghost_cutin,Completed
1958,rain,ghost_cutin,Failed -- Accident
1959,snow,ghost_cutin,Completed
1960,clear,ghost_cutin,Completed
1961,cloudy,ghost_cutin,Completed
1962,rain,ghost_cutin,Completed
1963,snow,ghost_cutin,Failed -- Accident
1964,clear,ghost_cutin,Completed
1965,cloudy,ghost_cutin,Failed -- Accident
1966,rain,ghost_cutin,Completed
1967,snow,ghost_cutin,Completed
1968,clear,ghost_cutin,Completed
1969,cloudy,ghost_cutin,Completed
1970,rain,ghost_cutin,Completed
1971,snow,ghost_cutin,Failed -- Accident
1972,clear,ghost_cutin,Completed
1973,cloudy,ghost_cutin,Completed
1974,rain,ghost_cutin,Completed
1975,snow,ghost_cutin,Completed
1976,clear,ghost_cutin,Completed
1977,cloudy,ghost_cutin,Completed
1978,rain,ghost_cutin,Completed
1979,snow,ghost_cutin,Completed
1980,clear,ghost_cutin,Completed
1981,cloudy,ghost_cutin,Completed
1982,rain,ghost_cutin,Completed
1983,snow,ghost_cutin,Completed
1984,clear,ghost_cutin,Completed
1985,cloudy,ghost_cutin,Completed
1986,rain,ghost_cutin,Completed
1987,snow,ghost_cutin,Completed
1988,clear,ghost_cutin,Completed
1989,cloudy,ghost_cutin,Completed
1990,rain,ghost_cutin,Completed
1991,snow,ghost_cutin,Failed -- Accident
1992,clear,ghost_cutin,Completed
1993,cloudy,ghost_cutin,Completed
1994,rain,ghost_cutin,Completed
1995,snow,ghost_cutin,Completed
1996,clear,ghost_cutin,Completed
1997,cloudy,ghost_cutin,Completed
1998,rain,ghost_cutin,Completed
1999,snow,ghost_cutin,Completed